call_id;Company_name;Category;device;OS;date_of_call;city_of_the_user;state_of_the_users;Country_of_the_user;Total_call_duration_in_seconds;call_duration_with_company_in_seconds;representative_waiting_time_in_seconds;Transcription;AI Sumary
CA5f229fc25030bdc650d548bdcf95780f;Paramount Plus;Media;mobile;android;2026-01-19 9:14:40;OCOEE;FLORIDA;United States;400;385;219;"[Speaker System] [00:00:00]: By proceeding with this call you agree and are legally liable to inform each and every participant who comes to this call that this call is being recorded and transcribed by PissedConsumer on your behalf.
[Speaker System] [00:00:08]: The call will be recorded by PissedConsumer using third-party software on behalf of the caller.
[Speaker 1] [00:00:08]: Paramount+.com/help/pricechange.
[Speaker 1] [00:00:13]: To get help faster, visit live chat at help.paramountplus.com.
[Speaker 1] [00:00:19]: If you're calling about how to watch the NFL on CBS, just select the live TV option on paramountplus.com or the Paramount Plus app.
[Speaker 1] [00:00:28]: Make sure to check your local listings for available games in your area.
[Speaker 1] [00:00:32]: For more information, visit paramountplus.com/help/nfl.
[Speaker 1] [00:00:38]: For help managing an existing Paramount Plus subscription, press [PHONE_NUMBER_1] For technical assistance, press [PHONE_NUMBER_2] If you currently do not subscribe to Paramount Plus If you are a Paramount Plus subscriber billed directly by Paramount Plus, press [PHONE_NUMBER_1] If you are billed by one of our billing partners such as Apple, Amazon, Google Play, or Roku, press [PHONE_NUMBER_2] For information on how to upgrade, press [PHONE_NUMBER_1] For billing, account changes, or other questions, press [PHONE_NUMBER_2] To cancel, please press [PHONE_NUMBER_3] To return to In a hurry?
[Speaker 1] [00:01:23]: Visit help.paramountplus.com and click on the conversation bubble to chat with an agent.
[Speaker 1] [00:01:29]: If you're a Paramount Plus subscriber, please verify your subscription by entering the month and date of your birth followed by the pound sign.
[Speaker 1] [00:01:37]: For example, [DOB_1] would be [DOB_2] If you're not a Paramount subscriber, press the star key now.
[Speaker 1] [00:01:59]: I'm sorry.
[Speaker 1] [00:02:00]: You've entered an invalid date.
[Speaker 1] [00:02:02]: Please try again.
[Speaker 1] [00:02:03]: If you're a Paramount Plus subscriber, please verify your subscription by entering the month and date of your birth followed by the pound sign.
[Speaker 1] [00:02:12]: For example, January 1 would be $0.01 £01.
[Speaker 1] [00:02:16]: If you're not a Paramount subscriber, press You entered October 11.
[Speaker 1] [00:02:24]: If this is correct, press [PHONE_NUMBER_1] To enter a To verify your Paramount Plus subscription, please enter your five digit ZIP billing code followed by the pound sign.
[Speaker 1] [00:02:40]: You entered [LOCATION_ZIP_1] If this is correct, press [PHONE_NUMBER_1] Otherwise, press [PHONE_NUMBER_2] to reenter your This call may be recorded and used for quality assurance and or training purposes.
[Speaker 1] [00:02:53]: By continuing, you agree to our terms of use at legal.paramountplus.com and acknowledge our privacy policy at privacy.paramountplus.com.
[Speaker 1] [00:03:04]: Your current estimated wait time is about three minutes.
[Speaker 1] [00:03:08]: Short on time?
[Speaker 1] [00:03:09]: We can send you a text message to connect you with an agent using our chat feature.
[Speaker 1] [00:03:13]: To chat with an agent now, press [PHONE_NUMBER_1] Standard text rates may apply.
[Speaker 1] [00:03:18]: Otherwise, please continue to hold.
[Speaker 1] [00:03:35]: Plus, please note that this call may be recorded for training and quality purposes.
[Speaker 1] [00:03:39]: My name is [NAME_GIVEN_1] How may I help you today?
[Speaker 0] [00:03:41]: Yes.
[Speaker 0] [00:03:42]: I wanna cancel my Paramount, please.
[Speaker 0] [00:03:45]: I'm having a heck of a time online and everything else.
[Speaker 0] [00:03:49]: I had to call you.
[Speaker 0] [00:03:50]: I'm old.
[Speaker 0] [00:03:50]: I don't understand it.
[Speaker 1] [00:03:53]: Alrighty.
[Speaker 1] [00:03:54]: Well, we're sorry to see you going.
[Speaker 1] [00:03:56]: I'm so sorry for any inconvenience this has caused, but I'll be happy to help.
[Speaker 0] [00:03:58]: No.
[Speaker 0] [00:03:59]: We'll be back in November.
[Speaker 0] [00:04:01]: Just watched everything, and it don't start again until November, so we'll be back.
[Speaker 1] [00:04:07]: Understandable.
[Speaker 1] [00:04:08]: Well, can I just have the last name that will be on your account?
[Speaker 0] [00:04:13]: Yes.
[Speaker 0] [00:04:13]: It's [NAME_FAMILY_1] [NAME_FAMILY_2] Yes.
[Speaker 1] [00:04:18]: Thank you so much.
[Speaker 1] [00:04:19]: And then can you just verify the email address that will be on that account?
[Speaker 0] [00:04:23]: It's [EMAIL_ADDRESS_1] Mhmm.
[Speaker 1] [00:04:31]: Okay.
[Speaker 1] [00:04:32]: Thank you.
[Speaker 1] [00:04:32]: One sec.
[Speaker 1] [00:04:34]: Alrighty.
[Speaker 1] [00:04:34]: So I do see this account here.
[Speaker 1] [00:04:36]: While I'm getting everything pulled up, just so I could notate the account for feedback purposes, you said you're just wanting to cancel because, like, one of your favorite shows ended?
[Speaker 0] [00:04:44]: Yeah.
[Speaker 0] [00:04:44]: Landman, and it won't be back.
[Speaker 0] [00:04:46]: I mean, we watch several.
[Speaker 1] [00:04:52]: Okay.
[Speaker 1] [00:04:53]: I'll make sure I'll go ahead and notate that down as the reason for the cancellation today.
[Speaker 1] [00:04:59]: Just so you know, by canceling your subscription, you'll lose access to over 45,000 episodes and movies from a vast amount of programs like BET, CBS, and Comedy Central.
[Speaker 1] [00:05:08]: We also have the kid friendly programming, including new and costed shows from Nickelodeon and [NAME_1] And with this plan that you have, you do have the ability to download shows and watch them offline without any Internet.
[Speaker 1] [00:05:19]: You also not only have access to just the Paramount plus content, but the Showtime as well.
[Speaker 1] [00:05:24]: We also do have other shows.
[Speaker 1] [00:05:26]: The customers that like [NAME_FAMILY_3] they also like Mayors of [LOCATION_CITY_1] Also, [LOCATION_CITY_2] our fan favorites as well.
[Speaker 1] [00:05:34]: With all this in mind, would you like to keep the service with us today, or are you still just wanting to end it?
[Speaker 1] [00:05:42]: Hello?
[Speaker 1] [00:05:46]: Hello?
[Speaker 1] [00:05:47]: Can you hear me?
[Speaker 1] [00:05:52]: Hello?
[Speaker 1] [00:05:53]: Are you able to hear me?
[Speaker 1] [00:06:01]: If you are able to hear me, I'm unable to hear you.
[Speaker 1] [00:06:03]: Please give us a callback at your earliest convenience at [PHONE_NUMBER_4] so that we can continue working with you.
[Speaker 1] [00:06:10]: We are open seven days a week from 9AM to 10PM eastern.
[Speaker 1] [00:06:14]: If you are able to hear me, I'm unable to hear you.
[Speaker 1] [00:06:17]: Please give us a callback at your earliest convenience at [PHONE_NUMBER_4] so that we can continue working with you.
[Speaker 1] [00:06:24]: We are open seven days a week from";"The customer calls to cancel their Paramount Plus subscription and is directed to various options including chatting with an agent and canceling the subscription. The representative informs the customer that they will lose access to over 45,000 episodes and movies from various programs and offers other options for viewing content. The customer is asked to call back to cancel the service.
"
CA4950c1c8c305cc85c5f5f040229fe608;Ubereats;Food Delivery;mobile;android;2026-01-19 8:38:18;TORONTO;ONTARIO;Canada;625;610;62;"[Speaker System] [00:00:00]: By proceeding with this call you agree and are legally liable to inform each and every participant who comes to this call that this call is being recorded and transcribed by PissedConsumer on your behalf.
[Speaker System] [00:00:08]: The call will be recorded by PissedConsumer using third-party software on behalf of the caller.
[Speaker 1] [00:00:08]: The pound key.
[Speaker 1] [00:00:14]: We didn't recognize that entry.
[Speaker 1] [00:00:16]: We didn't recognize that entry.
[Speaker 1] [00:00:18]: Please try again.
[Speaker 1] [00:00:19]: Please enter the 10 digit phone number associated with your Uber account followed by the pound key.
[Speaker 1] [00:00:32]: You entered [PHONE_NUMBER_1] Is that correct?
[Speaker 1] [00:00:41]: If yes, press [PHONE_NUMBER_2] If no Thank you.
[Speaker 1] [00:00:48]: Please note that this call is recorded for training and coaching purposes.
[Speaker 1] [00:00:52]: Please stay on the line while we connect you with the next available agent.
[Speaker 1] [00:00:59]: Hi.
[Speaker 1] [00:01:00]: Thank you for contacting Uber support.
[Speaker 1] [00:01:02]: My name is [NAME_GIVEN_1] May I have your name, please?
[Speaker 0] [00:01:05]: My name is [NAME_1] Well, I had an issue with the, with the delivery person yesterday that, one of my items it's the very first time that, one of my items has is not the right one.
[Speaker 1] [00:01:07]: Miss [NAME_GIVEN_2] thank you so much for contacting Uber support.
[Speaker 1] [00:01:10]: How can I assist you today?
[Speaker 0] [00:01:24]: Instead, I ordered the the toothpaste.
[Speaker 0] [00:01:27]: They gave me the, contact lens cleaner.
[Speaker 0] [00:01:30]: It's okay if I'm if I have a contact lens, but I'm not using one.
[Speaker 0] [00:01:34]: So it just pissed me off.
[Speaker 0] [00:01:36]: Anyways, I just want to, it was an order from Costco.
[Speaker 0] [00:01:42]: It was my last order yesterday, and I don't want that same person.
[Speaker 0] [00:01:46]: This is the first time that he that there's a wrong, like, you know, order item in my order, which, which had happened.
[Speaker 0] [00:01:54]: So I don't want this to happen again.
[Speaker 0] [00:01:57]: So will I be able to block that delivery person?
[Speaker 1] [00:02:02]: Got it.
[Speaker 1] [00:02:02]: Thank you so much for the information.
[Speaker 1] [00:02:04]: I'm really sorry that you had this type of issue with this delivery, that you did not receive the item correctly.
[Speaker 1] [00:02:11]: We are going to take all the documentation and feedback here.
[Speaker 1] [00:02:15]: Feel free to leave feedback to the delivery person also so he can continue improving his service.
[Speaker 1] [00:02:21]: However, in order for this delivery person to improve his service, we kindly recommend you to leave feedback to him so he can continue working on this.
[Speaker 0] [00:02:21]: No.
[Speaker 0] [00:02:31]: I already I already he'll I already gave him some down rate yesterday, and I did not give him any tip.
[Speaker 0] [00:02:39]: I removed the tip yesterday.
[Speaker 0] [00:02:41]: So, no.
[Speaker 0] [00:02:43]: I don't I just don't want to have the same issue.
[Speaker 0] [00:02:45]: Like, because I do order at all Overeat, like, you know, maybe three orders in a day, two orders.
[Speaker 0] [00:02:50]: You know?
[Speaker 0] [00:02:51]: And I I don't want to have the same issue, and I'm afraid that, I will still be redirected, rerouted to him because, like, you know, I I I believe that it's just, you know, around the same area.
[Speaker 0] [00:03:03]: I have encountered the same Uber Eats delivery persons before, and I'm very satisfied with their service.
[Speaker 0] [00:03:10]: But this one, first time, like, you know, it's, it's a first impression.
[Speaker 0] [00:03:15]: You know?
[Speaker 1] [00:03:16]: Got it.
[Speaker 1] [00:03:17]: We are going to take all the documentation here.
[Speaker 1] [00:03:19]: Let me work on this right now.
[Speaker 1] [00:03:21]: Could you please be so kind and share with me a photo of the wrong item you received?
[Speaker 0] [00:03:27]: How can I do that?
[Speaker 1] [00:03:29]: I already sent you an email.
[Speaker 1] [00:03:30]: Just go to the conversation and attach the photo there.
[Speaker 0] [00:03:37]: Did you send it in my email account?
[Speaker 1] [00:03:39]: That's correct.
[Speaker 1] [00:03:48]: Just to confirm, do you report the issue through the app previously?
[Speaker 0] [00:03:52]: Mhmm.
[Speaker 1] [00:03:53]: Could you please confirm with me the name of the item one more time?
[Speaker 1] [00:03:57]: You said the in intensive clean?
[Speaker 1] [00:04:08]: Hello?
[Speaker 1] [00:04:13]: Hello?
[Speaker 1] [00:04:13]: Can you hear me?
[Speaker 1] [00:04:17]: Hello?
[Speaker 1] [00:04:18]: Can you hear me?
[Speaker 0] [00:04:21]: Hello?
[Speaker 0] [00:04:22]: How can I upload it?
[Speaker 1] [00:04:24]: I want to confirm with you the information of the item, ma'am.
[Speaker 1] [00:04:27]: Could you please confirm with me the name of the item?
[Speaker 0] [00:04:31]: That was misdelivered.
[Speaker 1] [00:04:34]: The one that you originally request.
[Speaker 0] [00:04:38]: Original request was the Crest toothpaste.
[Speaker 1] [00:04:50]: Let me double check here.
[Speaker 1] [00:05:08]: Okay.
[Speaker 1] [00:05:09]: Is the item the one you are talking about the ProHealth Advanced Intensive Clean?
[Speaker 0] [00:05:16]: It's the it's the Crest Pro Lite something.
[Speaker 1] [00:05:22]: Yeah.
[Speaker 1] [00:05:22]: Crest Pro Health advanced intensive care.
[Speaker 0] [00:05:24]: Yeah.
[Speaker 0] [00:05:24]: Crest Pro Pro Health.
[Speaker 0] [00:05:26]: Yeah.
[Speaker 0] [00:05:26]: That that that was it.
[Speaker 0] [00:05:28]: But then he gave me this ClearCare Plus HydraGlyde.
[Speaker 1] [00:05:33]: Okay.
[Speaker 1] [00:05:33]: Okay.
[Speaker 1] [00:05:37]: Thank you so much for the information.
[Speaker 1] [00:05:39]: Let me double check here.
[Speaker 1] [00:05:41]: Give me one sec.
[Speaker 0] [00:05:44]: And he even took a a picture, like, you know, when he delivered and, yeah, it shows that it was the wrong item.
[Speaker 1] [00:05:52]: Got it.
[Speaker 1] [00:05:53]: Let me double check here really quickly.
[Speaker 1] [00:05:55]: Just give me one sec.
[Speaker 1] [00:06:08]: Okay.
[Speaker 1] [00:06:09]: Let me see.
[Speaker 1] [00:06:12]: Okay.
[Speaker 1] [00:06:13]: Evaluating the information here on my system regarding the situation with the order, I can see that since you didn't receive the item correctly, we issue a refund for this item already.
[Speaker 0] [00:06:23]: Yes.
[Speaker 1] [00:06:23]: So you will get the money back.
[Speaker 0] [00:06:24]: Mhmm.
[Speaker 1] [00:06:25]: Regarding the situation and experience with the delivery person, since you requested the delivery person being removed from your account, are you ready for future print with this delivery person so he will not receive any, order coming from you in the future.
[Speaker 0] [00:06:41]: From this delivery person.
[Speaker 0] [00:06:43]: Okay.
[Speaker 0] [00:06:44]: Alright.
[Speaker 0] [00:06:44]: Okay.
[Speaker 1] [00:06:44]: Perfect.
[Speaker 0] [00:06:45]: Thank you.
[Speaker 1] [00:06:45]: So you're welcome.
[Speaker 1] [00:06:46]: Just to let you know, the reason that we processed was, refunded to the original payment method, so you will get the money within three to five business days.
[Speaker 0] [00:06:53]: Yeah.
[Speaker 0] [00:06:56]: Yeah.
[Speaker 0] [00:06:57]: I didn't hear you.
[Speaker 1] [00:06:58]: That the money was refunded to the original payment.
[Speaker 1] [00:07:01]: This may take three to five business days.
[Speaker 0] [00:07:04]: Yes.
[Speaker 0] [00:07:04]: That's right.
[Speaker 1] [00:07:04]: Okay.
[Speaker 1] [00:07:05]: Perfect.
[Speaker 0] [00:07:05]: Correct.
[Speaker 1] [00:07:06]: So, I would like to know, besides this, if you have any other question for me?
[Speaker 0] [00:07:12]: I I was wondering as to if I will be able to change my my PIN code.
[Speaker 1] [00:07:21]: Which PIN code are you talking about?
[Speaker 0] [00:07:24]: The the one which I give to the delivery person, it's the [PASSWORD_1] PIN code.
[Speaker 1] [00:07:30]: No, ma'am.
[Speaker 1] [00:07:31]: That is, processed by the system automatically.
[Speaker 1] [00:07:34]: So wouldn't there is no way we can change the the PIN code.
[Speaker 0] [00:07:39]: Oh, okay.
[Speaker 0] [00:07:40]: I'm just, you know, I'm just curious.
[Speaker 0] [00:07:42]: That's all.
[Speaker 0] [00:07:42]: Yeah.
[Speaker 0] [00:07:43]: Because sometimes I would think that maybe, you know, sometimes since there are pros and cons about it, like, you know, if we have the same PIN codes, I might, know, of course, some is like, it might be, like, you know, the the delivery person is already, like, you know, familiar with it.
[Speaker 0] [00:08:02]: You know?
[Speaker 0] [00:08:03]: And, well, it's okay.
[Speaker 0] [00:08:05]: I'm going to take the the chances.
[Speaker 1] [00:08:07]: Perfect.
[Speaker 0] [00:08:07]: Anyways, ma'am, thank you, sir.
[Speaker 0] [00:08:09]: It's this is [NAME_GIVEN_1] Right?
[Speaker 1] [00:08:11]: That's correct.
[Speaker 1] [00:08:12]: I just wanted to mention also before I let you go.
[Speaker 1] [00:08:15]: After they go through the app, you will get a survey, but it's only about my customer service, not about the delivery person.
[Speaker 1] [00:08:21]: Okay?
[Speaker 1] [00:08:22]: So I do really appreciate your feedback.
[Speaker 0] [00:08:22]: Oh, oh, yeah.
[Speaker 1] [00:08:24]: I want to let you know that I will I don't want to get the the service from the delivery person.
[Speaker 0] [00:08:24]: Yeah.
[Speaker 0] [00:08:25]: Well, no.
[Speaker 0] [00:08:32]: No.
[Speaker 0] [00:08:32]: No.
[Speaker 0] [00:08:32]: You don't want you don't want to say it to get the same feedback.
[Speaker 1] [00:08:35]: Yeah.
[Speaker 0] [00:08:35]: Right?
[Speaker 1] [00:08:35]: I don't want to get the same feedback.
[Speaker 0] [00:08:37]: No.
[Speaker 0] [00:08:37]: No.
[Speaker 0] [00:08:37]: No.
[Speaker 0] [00:08:37]: Don't don't don't don't worry about that.
[Speaker 1] [00:08:40]: I really appreciate.
[Speaker 0] [00:08:40]: I'm I'm I'm so happy with your I really appreciate your your help.
[Speaker 0] [00:08:45]: Yeah.
[Speaker 0] [00:08:45]: Thank you so much.
[Speaker 1] [00:08:45]: No.
[Speaker 1] [00:08:46]: Do not worry.
[Speaker 1] [00:08:46]: We are here to help you.
[Speaker 1] [00:08:48]: Every time you have an inconvenience or question, don't hesitate to contact us immediately, and we will be more than glad to to handle the case.
[Speaker 0] [00:08:54]: Is it what is if I may ask, what is the time frame if I have any issue, like, you know, something like this or whatever, what is the time frame?
[Speaker 0] [00:09:05]: It's is it within twenty four hours?
[Speaker 1] [00:09:07]: Oh, to report an issue?
[Speaker 0] [00:09:10]: Yeah.
[Speaker 1] [00:09:11]: The most of the issue that we handle here should be reported within twenty four to forty eight hours.
[Speaker 0] [00:09:20]: Yeah.
[Speaker 0] [00:09:21]: Okay.
[Speaker 1] [00:09:21]: But as as as soon as you can contact us, we will be more than glad to help you.
[Speaker 0] [00:09:21]: Yeah.
[Speaker 0] [00:09:22]: Yeah.
[Speaker 0] [00:09:22]: Yeah.
[Speaker 1] [00:09:25]: We also provide support twenty four seven.
[Speaker 1] [00:09:27]: So once you have time to report the issue, we are here to to help you.
[Speaker 0] [00:09:29]: Oh, okay.
[Speaker 0] [00:09:32]: Yeah.
[Speaker 0] [00:09:33]: Because it happened yesterday, and I thought, like, you know, I have to call early this morning so that, you know, it will be, like, you know, before twenty four hours.
[Speaker 0] [00:09:42]: You know?
[Speaker 1] [00:09:42]: It should be, the the time frame, twenty four to forty eight hours.
[Speaker 0] [00:09:44]: I thought I cannot call, like, at nighttime.
[Speaker 0] [00:09:47]: Oh, okay.
[Speaker 1] [00:09:47]: Mhmm.
[Speaker 0] [00:09:47]: Alright.
[Speaker 0] [00:09:48]: That should be good.
[Speaker 0] [00:09:49]: Alright.
[Speaker 1] [00:09:49]: Perfect.
[Speaker 0] [00:09:50]: Thanks, [NAME_GIVEN_3] No.
[Speaker 1] [00:09:50]: So I would like to know I would like to know if you have any other question for me.
[Speaker 0] [00:09:57]: That's all for now, and I'm happy with it.
[Speaker 1] [00:09:59]: Alright.
[Speaker 0] [00:10:00]: Alright?
[Speaker 1] [00:10:01]: No worries.
[Speaker 0] [00:10:01]: Okay.
[Speaker 1] [00:10:01]: Thank you so much, [NAME_GIVEN_4] Thank you so much for contacting Upgrade support.
[Speaker 0] [00:10:01]: You take care, and have a good day.
[Speaker 1] [00:10:05]: I hope you have a wonderful rest of the day.
[Speaker 1] [00:10:07]: Take care.
[Speaker 0] [00:10:07]: You too.
[Speaker 0] [00:10:08]: Take care.
[Speaker 1] [00:10:09]: Thank you.
[Speaker 0] [00:10:09]: Bye.
[Speaker 1] [00:10:09]: Bye bye.";"The customer contacts Uber support to report an issue with their delivery service. The representative apologizes for the inconvenience and promises to investigate and resolve the problem. The customer is informed of a refund for a delivery person removed from their account and will receive their money within three to five business days. The representative provides information on how to change their PIN code and assures the customer of support for future issues. The call ends with the representative thanking the customer and reminding them of their availability for future issues.
"
CA769e290725c8cb356344c837470375f2;Amazon;Auctions and Marketplaces;mobile;ios;2026-01-19 8:10:02;CHICAGO;ILLINOIS;United States;1597;1578;205;"[Speaker System] [00:00:00]: By proceeding with this call you agree and are legally liable to inform each and every participant who comes to this call that this call is being recorded and transcribed by PissedConsumer on your behalf.
[Speaker System] [00:00:12]: The call will be recorded by PissedConsumer using third-party software on behalf of the caller.
[Speaker 1] [00:00:12]: Purposes.
[Speaker 1] [00:00:15]: To make this easier, I can text you a link to our customer service home page where you can quickly find answers and resolve your issue.
[Speaker 1] [00:00:23]: If you want me to send you the link, say yes, or you can stay on the line.
[Speaker 1] [00:00:33]: We can only access your protected account information after verifying your identity.
[Speaker 1] [00:00:38]: Can we send you a quick text to complete this security step?
[Speaker 0] [00:00:43]: Yes.
[Speaker 1] [00:00:46]: Okay.
[Speaker 1] [00:00:47]: I just sent you the text to verify your account.
[Speaker 1] [00:00:50]: You should get it within a few seconds.
[Speaker 0] [00:00:58]: I didn't get it.
[Speaker 0] [00:01:04]: Pretty, pretty, please.
[Speaker 0] [00:01:08]: Oh my god.
[Speaker 0] [00:01:10]: Think it's [NAME_GIVEN_1] quadrillion.
[Speaker 0] [00:01:12]: Nothing.
[Speaker 1] [00:01:16]: I've sent you the text to verify your account.
[Speaker 0] [00:01:19]: Well, you didn't do it right.
[Speaker 1] [00:01:19]: Open the link to continue.
[Speaker 0] [00:01:20]: Do it again.
[Speaker 1] [00:01:21]: If you didn't get it, press pound.
[Speaker 0] [00:01:23]: Yeah.
[Speaker 1] [00:01:28]: Now in a few words, tell me, what can I help you with today?
[Speaker 1] [00:01:33]: For example, you can say things like, my order didn't arrive, or I'm waiting on my refund.
[Speaker 0] [00:01:40]: I'm waiting on my refund that never came into my bank account back.
[Speaker 1] [00:01:47]: Your issue could be resolved much faster if you contact us through chat.
[Speaker 0] [00:01:50]: No.
[Speaker 0] [00:01:50]: Thank you.
[Speaker 1] [00:01:52]: Would you like to receive a text that redirects you to our chat based customer service?
[Speaker 0] [00:01:55]: Nope.
[Speaker 1] [00:01:57]: Please respond with yes or no.
[Speaker 0] [00:01:59]: No.
[Speaker 1] [00:02:03]: Okay.
[Speaker 1] [00:02:04]: I will continue to help you over the phone then.
[Speaker 1] [00:02:10]: If you're not satisfied with your item, you can return it or get a replacement.
[Speaker 1] [00:02:15]: To quickly return or replace the item or check on a return in progress, you can visit your order history in your Amazon account.
[Speaker 1] [00:02:24]: I can send you a link to help with this.
[Speaker 0] [00:02:27]: No.
[Speaker 1] [00:02:27]: Ready for the text?
[Speaker 0] [00:02:29]: No.
[Speaker 1] [00:02:34]: Okay.
[Speaker 1] [00:02:35]: Is there anything else I can help you with today?
[Speaker 0] [00:02:38]: Talk to a human.
[Speaker 0] [00:02:39]: You didn't even help me.
[Speaker 0] [00:02:41]: Are you kidding me?
[Speaker 0] [00:02:43]: Get me someone I could talk to.
[Speaker 1] [00:02:47]: For customer support in Spanish, press [PHONE_NUMBER_1] Otherwise, please hold.
[Speaker 1] [00:03:04]: Now to get you to the right agent, can you please say a few words about what you need help with?
[Speaker 0] [00:03:10]: My refund, please.
[Speaker 1] [00:03:14]: I'll get someone to help with this.
[Speaker 1] [00:03:20]: Your call is in queue and will be answered by the Hi.
[Speaker 1] [00:03:25]: This is [NAME_GIVEN_2] from amazon.com.
[Speaker 1] [00:03:28]: May I have your name?
[Speaker 0] [00:03:29]: Hi, [NAME_GIVEN_2] My name is [NAME_1] Alright, my dearest.
[Speaker 1] [00:03:34]: Good morning, [NAME_GIVEN_3] I hope you are doing good.
[Speaker 1] [00:03:36]: And how can I help you today?
[Speaker 0] [00:03:39]: I I don't know what exactly currently happened.
[Speaker 0] [00:03:43]: But on December 20, I placed an order for three items.
[Speaker 0] [00:03:47]: I can give you the order numbers to them.
[Speaker 0] [00:03:50]: But bottom line is I never returned I never got my refund back into my bank account from these three items.
[Speaker 0] [00:03:56]: And it's quite a large item.
[Speaker 0] [00:03:58]: It's like a good $68 worth of, you know, things that I never got because of one reason or another.
[Speaker 0] [00:04:04]: But bottom line is this never got returned to my account.
[Speaker 1] [00:04:10]: Oh, this is unacceptable to hear, and nothing to worry.
[Speaker 1] [00:04:12]: We are here to help you.
[Speaker 1] [00:04:14]: So let's start by pulling up your account.
[Speaker 0] [00:04:14]: Okay.
[Speaker 1] [00:04:16]: [NAME_GIVEN_3] may I know what is the email or the mobile phone number registered?
[Speaker 0] [00:04:22]: Oh, absolutely.
[Speaker 0] [00:04:23]: It's we'll do the phone number because we'll do the three one.
[Speaker 0] [00:04:26]: [PHONE_NUMBER_2] Sounds good.
[Speaker 1] [00:04:33]: Got it here.
[Speaker 1] [00:04:34]: I need to send a confirmation request to you, for you to approve.
[Speaker 1] [00:04:39]: In that way, we can pull up your Amazon account.
[Speaker 1] [00:04:42]: Can you please check if you got check if you already got an email or a text message from Amazon?
[Speaker 0] [00:04:46]: Oh, k.
[Speaker 0] [00:04:49]: We just we just got it.
[Speaker 0] [00:04:55]: Oh my god.
[Speaker 0] [00:04:55]: It's killing me.
[Speaker 0] [00:04:58]: Where do I push?
[Speaker 0] [00:05:02]: I apologize.
[Speaker 0] [00:05:02]: Request.
[Speaker 0] [00:05:04]: I know I normally have to push something on these.
[Speaker 1] [00:05:12]: Are you checking a text message, if I may ask?
[Speaker 0] [00:05:14]: That's okay.
[Speaker 0] [00:05:15]: I got an email and checking email, But let's just do that.
[Speaker 0] [00:05:18]: Maybe it's easier.
[Speaker 0] [00:05:19]: Oh, let's just do that.
[Speaker 0] [00:05:20]: Here we go.
[Speaker 0] [00:05:21]: Okay.
[Speaker 0] [00:05:21]: And then I apologize.
[Speaker 0] [00:05:23]: I'm supposed to tap on that, I suppose.
[Speaker 0] [00:05:26]: Mhmm.
[Speaker 1] [00:05:26]: Tap on the link.
[Speaker 0] [00:05:26]: Yes.
[Speaker 0] [00:05:27]: I am.
[Speaker 0] [00:05:27]: Okay.
[Speaker 0] [00:05:27]: We're gonna push approve.
[Speaker 1] [00:05:27]: Mhmm.
[Speaker 0] [00:05:28]: Here we go.
[Speaker 0] [00:05:29]: It should be going to you.
[Speaker 0] [00:05:29]: I apologize.
[Speaker 0] [00:05:30]: I'm slow at this.
[Speaker 0] [00:05:32]: Apologize.
[Speaker 1] [00:05:32]: Nothing to worry.
[Speaker 1] [00:05:33]: I received your approval right away.
[Speaker 1] [00:05:35]: Thank you so much.
[Speaker 0] [00:05:35]: Okay.
[Speaker 1] [00:05:36]: We appreciate you for being a Prime member.
[Speaker 1] [00:05:39]: So from here, let me proceed to pull it up.
[Speaker 0] [00:05:42]: Okay.
[Speaker 1] [00:05:42]: May I have the last four digits of the order number?
[Speaker 0] [00:05:47]: Yes.
[Speaker 0] [00:05:47]: I see.
[Speaker 0] [00:05:48]: Sorry.
[Speaker 0] [00:05:48]: Okay.
[Speaker 0] [00:05:50]: Well, let's just the last four digits is [VEHICLE_ID_1] That was the pants, I believe, I took a picture of.
[Speaker 0] [00:05:58]: And then the other order that I had that I didn't get a refund, last four digits is 0649.
[Speaker 0] [00:06:06]: And the other one just a moment.
[Speaker 0] [00:06:09]: I apologize.
[Speaker 1] [00:06:12]: Take your time.
[Speaker 0] [00:06:13]: Sorry.
[Speaker 0] [00:06:20]: Oh, I can't well, I don't know the other order number.
[Speaker 0] [00:06:23]: I apologize.
[Speaker 0] [00:06:24]: But those are the two Okay.
[Speaker 1] [00:06:26]: Nothing to worry.
[Speaker 1] [00:06:26]: I can search yeah.
[Speaker 1] [00:06:28]: What is the third item?
[Speaker 0] [00:06:31]: They were, like, pants, like, bongo pants.
[Speaker 0] [00:06:34]: I I mean, I ordered another pair because you guys said that you were gonna refund that money that the incident that occurred, and I never got that money.
[Speaker 0] [00:06:43]: So I'm out of that money.
[Speaker 0] [00:06:44]: But I ordered the same pair of pants again.
[Speaker 0] [00:06:46]: If you see on my account, there's a black one with holes.
[Speaker 0] [00:06:51]: So that one and then there was this it's it's called mouth.
[Speaker 0] [00:06:56]: I don't know.
[Speaker 0] [00:06:56]: It's for teeth.
[Speaker 0] [00:06:57]: What's it called?
[Speaker 0] [00:06:58]: Darn it.
[Speaker 0] [00:06:59]: I'm trying to look for it's called Pearl Powder Remains or Remind.
[Speaker 1] [00:07:00]: No.
[Speaker 0] [00:07:03]: That one was $18.99, and then the pants was close to $40, and the other thing was close to 20 $30 as well.
[Speaker 0] [00:07:13]: So you add that up, that's a lot of money, my dear.
[Speaker 1] [00:07:14]: That's right.
[Speaker 0] [00:07:15]: You know?
[Speaker 1] [00:07:18]: That's not fair.
[Speaker 1] [00:07:19]: You did not receive your deliveries, and you did not receive the refund yet.
[Speaker 1] [00:07:24]: So rest assured customer service, is here to help.
[Speaker 1] [00:07:26]: The first order that you provided, I was able to pull it up.
[Speaker 1] [00:07:30]: So since I can pull up one order at a time, let me proceed with the jeans.
[Speaker 0] [00:07:32]: Okay.
[Speaker 1] [00:07:35]: So the first one that I have is the y two k ripped grudge buggy baggy jeans, the one that's black and large.
[Speaker 0] [00:07:38]: Correct.
[Speaker 0] [00:07:39]: Yes.
[Speaker 0] [00:07:42]: Yes.
[Speaker 1] [00:07:43]: And it I see here that this item was sold by one of our third party sellers.
[Speaker 1] [00:07:48]: This this is actually an international seller.
[Speaker 1] [00:07:51]: They ship it through four p x, and it's really disappointing that the carrier failed to deliver your order to you.
[Speaker 1] [00:07:59]: And nothing to worry.
[Speaker 1] [00:08:01]: I am checking out it right now.
[Speaker 1] [00:08:02]: Can you please help me?
[Speaker 1] [00:08:03]: Can you verify to me what is your correct shipping address?
[Speaker 0] [00:08:07]: Yes.
[Speaker 0] [00:08:08]: And that was the the issue because my phone is broke, and the issue was I put the wrong address in.
[Speaker 0] [00:08:15]: And then I went in and I did it, but by the time I did it, it was no good.
[Speaker 0] [00:08:18]: So then I called customer service and I asked them just to refund the money and and don't worry about the packages.
[Speaker 0] [00:08:24]: And I never got the packages because they said they already sent it out, but they couldn't deliver because of the wrong address.
[Speaker 0] [00:08:29]: But my address is [LOCATION_ADDRESS_1] Correct.
[Speaker 1] [00:08:39]: I see.
[Speaker 1] [00:08:40]: So the address on the delivery on the order, yeah, cannot be updated anymore during that time that you requested.
[Speaker 1] [00:08:48]: So that's the reason why the carrier, the update is that they couldn't complete the delivery.
[Speaker 0] [00:08:50]: That's right.
[Speaker 0] [00:08:53]: Correct.
[Speaker 1] [00:08:53]: Nothing to worry.
[Speaker 1] [00:08:54]: I'm checking on it already.
[Speaker 1] [00:08:56]: Usually, if the delivery is not successful, the seller would process a refund.
[Speaker 1] [00:09:02]: But since this third party seller where the item came from, since the seller failed to deliver or process the refund.
[Speaker 1] [00:09:10]: I'm already checking on it right now, checking the options that we have.
[Speaker 0] [00:09:13]: Okay.
[Speaker 1] [00:09:13]: Just bear with me.
[Speaker 1] [00:09:14]: Okay?
[Speaker 0] [00:09:14]: Absolutely.
[Speaker 1] [00:09:14]: Give me one more minute for the first order.
[Speaker 0] [00:09:16]: Oh, yeah.
[Speaker 0] [00:09:17]: Absolute I appreciate you.
[Speaker 1] [00:09:17]: Okay.
[Speaker 1] [00:09:17]: Hold on.
[Speaker 0] [00:09:18]: Thank you.
[Speaker 0] [00:09:19]: I'm sorry.
[Speaker 1] [00:09:21]: I think three.
[Speaker 1] [00:10:56]: So, [NAME_GIVEN_4] for the first order, it's not yet, giving me the option to expedite the refund.
[Speaker 1] [00:11:04]: So I will check first with my local support for the first order.
[Speaker 1] [00:11:08]: So let me check for the meantime, while I'm waiting for my local support for the update, let me check the second order, the tooth scrub, the pearl powder tooth scrub that you did not receive.
[Speaker 1] [00:11:23]: Checking it right now, and this was also from a third party seller.
[Speaker 1] [00:11:29]: And they shipped it through China Post, And, yeah, they also failed to deliver the item.
[Speaker 1] [00:11:37]: It was the same address with the first order.
[Speaker 1] [00:11:41]: So let me check since this is a different third party seller.
[Speaker 1] [00:11:44]: I'll check if I already have the option here to request your refund.
[Speaker 0] [00:11:49]: Okay.
[Speaker 1] [00:11:50]: Hold on.
[Speaker 0] [00:11:50]: Okay.
[Speaker 0] [00:11:56]: And I really don't want credit to your guys' Amazon.
[Speaker 0] [00:11:59]: It says I'm just having such a difficult time.
[Speaker 0] [00:12:01]: I need that money back in my account.
[Speaker 0] [00:12:04]: I don't want credit to Amazon.
[Speaker 1] [00:12:05]: I see a part.
[Speaker 1] [00:12:06]: I understand.
[Speaker 0] [00:12:07]: I don't care if it's third party.
[Speaker 0] [00:12:08]: They initiated.
[Speaker 0] [00:12:09]: They stole from me.
[Speaker 0] [00:12:11]: If you really wanna get technical.
[Speaker 0] [00:12:15]: Because they didn't obtain their obligation.
[Speaker 1] [00:12:17]: Oh, the refund yeah.
[Speaker 1] [00:12:19]: So the refund for the pearl for the two scrub order, your original form of payment was your Amazon account gift card balance.
[Speaker 1] [00:12:30]: It was a credit on your account that you used to pay for the order.
[Speaker 1] [00:12:33]: So once the refund is processed, that would be the original form of payment because that was how you paid the order for the pearl tooth scrub.
[Speaker 0] [00:12:41]: Forgot about that.
[Speaker 0] [00:12:42]: That's right.
[Speaker 0] [00:12:42]: Because I and that's right.
[Speaker 0] [00:12:43]: That's right.
[Speaker 0] [00:12:44]: You're correctly correct.
[Speaker 1] [00:12:44]: Okay.
[Speaker 0] [00:12:45]: Okay.
[Speaker 0] [00:12:45]: Well, then just give me the the credit back if you can.
[Speaker 1] [00:12:48]: I'll order.
[Speaker 0] [00:12:48]: I appreciate it.
[Speaker 0] [00:12:49]: You're correctly correct.
[Speaker 1] [00:12:49]: Okay.
[Speaker 1] [00:12:50]: Yeah.
[Speaker 0] [00:12:50]: You're right.
[Speaker 0] [00:12:51]: Yeah.
[Speaker 0] [00:12:51]: I used my own money because it that that didn't come through, so I had to buy those pants again for my son before he goes out of town in three days.
[Speaker 0] [00:12:58]: So you're right.
[Speaker 0] [00:12:59]: You're right about that.
[Speaker 1] [00:13:02]: Okay.
[Speaker 1] [00:13:02]: So k.
[Speaker 0] [00:13:09]: I'm like, can I ask you a question?
[Speaker 0] [00:13:11]: How do you know when you purchase things on your site if it's a third party and if it's a liable third party because I'm having quite a difficult issues with these third parties.
[Speaker 0] [00:13:22]: Like, is there a way to tell when you purchase something?
[Speaker 1] [00:13:23]: Oh, I'm sorry to hear your yes.
[Speaker 1] [00:13:25]: Yes.
[Speaker 1] [00:13:26]: You will be able to yes.
[Speaker 1] [00:13:28]: Before purchasing something, you will be able to identify if an item is from a third party seller if the shipper is a different name.
[Speaker 1] [00:13:37]: So before you click add to cart or before you click buy now, below that, you would see for the specific item, the shipper and the seller should be amazon.com.
[Speaker 1] [00:13:55]: So if the item that you're looking, the shipper is a different name, for example, shipped from gives you a different name, that means it's from a third party seller.
[Speaker 1] [00:14:07]: If it's shipped from Amazon, that means it's from Amazon.
[Speaker 1] [00:14:12]: Even though it's sold by a different name, as long as it ships from Amazon, that means that those are suppliers of Amazon.
[Speaker 1] [00:14:18]: But if it is shipped from a different name, then it's from a third party seller's warehouse directly.
[Speaker 0] [00:14:23]: Okay.
[Speaker 0] [00:14:24]: And, again, how do you see that if if first, let's just handle the first situation.
[Speaker 0] [00:14:29]: I apologize.
[Speaker 0] [00:14:29]: We're getting off topic here.
[Speaker 0] [00:14:31]: I apologize.
[Speaker 0] [00:14:32]: I'm gonna let you continue doing your sending account.
[Speaker 1] [00:14:34]: Nothing to worry.
[Speaker 0] [00:14:34]: I apologize.
[Speaker 1] [00:14:36]: Nothing to worry.
[Speaker 1] [00:14:37]: I'm check.
[Speaker 1] [00:14:38]: I'm working on it already.
[Speaker 0] [00:14:38]: Yeah.
[Speaker 0] [00:14:39]: That's fine.
[Speaker 1] [00:14:39]: So for the okay.
[Speaker 0] [00:14:41]: Yeah.
[Speaker 1] [00:14:42]: Trying to send the the third item, I found it already.
[Speaker 1] [00:14:45]: You have another cargo pants, a women baggy cargo pants that was also from a third party seller that failed to deliver because of the wrong address.
[Speaker 0] [00:14:54]: That's correct as well.
[Speaker 1] [00:14:56]: They were not able to update it anymore.
[Speaker 1] [00:14:58]: So the third so the first order, the black baggy pants and the tooth scrub, they were both paid using your Amazon account gift card balance.
[Speaker 1] [00:15:09]: So this third order, the third baggy pants, it was a split payment.
[Speaker 1] [00:15:15]: It was a payment from your gift card balance, and the remaining amount was charged on your card.
[Speaker 1] [00:15:20]: So that is also how the refund would go through.
[Speaker 1] [00:15:23]: So since all of these three orders were all a wrong shipping address and that the sellers were not able to cancel the delivery because the order was shipped out already during that time, then, I'll be needing to request you a refund from the seller.
[Speaker 1] [00:15:38]: So, I need to send one by one because I can pull up one item, one order at a time on my end, and these are three different sellers.
[Speaker 0] [00:15:44]: Okay.
[Speaker 0] [00:15:46]: Okay.
[Speaker 1] [00:15:47]: So I'll place the call on hold first.
[Speaker 1] [00:15:49]: Yeah.
[Speaker 1] [00:15:49]: Give me two or three more minutes to send the request for the refund.
[Speaker 0] [00:15:49]: Oh, absolutely.
[Speaker 0] [00:15:51]: Okay.
[Speaker 0] [00:15:52]: Thank you.
[Speaker 1] [00:15:53]: Thank you.
[Speaker 1] [00:15:54]: Stay on hold, please.
[Speaker 0] [00:20:22]: Hello?
[Speaker 1] [00:20:22]: Hi, [NAME_GIVEN_5] It's [NAME_GIVEN_2] Thank you for the extended time.
[Speaker 0] [00:20:25]: Of course.
[Speaker 1] [00:20:26]: So for the for the third order, the the women baggy cargo pants, the one in a color let me verify this color.
[Speaker 1] [00:20:38]: Purple purple, large.
[Speaker 1] [00:20:41]: That's the third order.
[Speaker 1] [00:20:43]: That third party seller, the shipment was already declared that they cannot fulfill the delivery.
[Speaker 1] [00:20:53]: So the refund that I requested was approved right away.
[Speaker 0] [00:20:56]: Oh.
[Speaker 1] [00:20:57]: So you'll be getting the refund within three to five days for the total amount of $14.42 back to the original split of payment.
[Speaker 1] [00:21:06]: You will be able to see that on you will be able to track that refund on your order because you will receive an automatic email notification from Amazon within the next three to five business days.
[Speaker 1] [00:21:18]: So that's for the third order.
[Speaker 1] [00:21:21]: For the because the shipper already declared that the delivery failed.
[Speaker 1] [00:21:25]: Now the first two items, the first baggy pants, the black, and the tooth scrub, since the shippers there there are different, yeah, shippers for that.
[Speaker 1] [00:21:35]: Since the shipper declared that the delivery will be delayed, right now, the refund is not yet approved.
[Speaker 1] [00:21:43]: So we need to wait for the shipper to declare that the delivery failed so that the refund will be processed.
[Speaker 1] [00:21:49]: So I checked on the time frame.
[Speaker 1] [00:21:53]: If the shipper failed to deliver these two packages, the jeans.
[Speaker 0] [00:21:54]: She they did.
[Speaker 0] [00:21:56]: Ma'am ma'am ma'am ma'am, I don't think you understand.
[Speaker 0] [00:22:01]: The car the k y pants cargo pants, no.
[Speaker 0] [00:22:05]: We're not talking about the purple ones.
[Speaker 0] [00:22:06]: Those have never got to my house.
[Speaker 0] [00:22:09]: I had to reorder them, okay, with my own money.
[Speaker 0] [00:22:12]: So they have never received.
[Speaker 0] [00:22:14]: I've never received those nor that stupid tooth shit.
[Speaker 0] [00:22:17]: So I don't know what you're talking about if we haven't received it, ma'am, because it was clearly returned.
[Speaker 0] [00:22:22]: Because I never received nothing, and they took my money.
[Speaker 0] [00:22:25]: And that is why if you look in my account, I had to reorder those same jeans.
[Speaker 0] [00:22:31]: So I don't know what you're talking about there, my love, but we ain't I never got no reorder, and they never shipped it because of the reason of the address.
[Speaker 0] [00:22:41]: You understand what I'm saying?
[Speaker 1] [00:22:42]: You're right.
[Speaker 1] [00:22:43]: You never receive yes.
[Speaker 1] [00:22:45]: It's clear.
[Speaker 1] [00:22:46]: You never received these three items because the delivery address was all wrong.
[Speaker 1] [00:22:51]: However, the two others, the third baggy pants, the the the purple one, the reason why the refund was processed right away is because the shipper already declared that the order cannot be delivered.
[Speaker 1] [00:23:05]: The two others, it is still showing as delayed.
[Speaker 1] [00:23:08]: So on their end, it's still they declared it as delayed.
[Speaker 1] [00:23:12]: Though I understand that you did not receive it because you did not receive the item.
[Speaker 1] [00:23:15]: It shows that they failed to deliver it to you.
[Speaker 1] [00:23:17]: However, they did not yet declare that they failed to deliver.
[Speaker 1] [00:23:21]: They still shows that they are delayed.
[Speaker 1] [00:23:23]: So, it will take up to January 26 for us to request the refund for the two other items, the black bag of jeans.
[Speaker 0] [00:23:28]: Okay.
[Speaker 0] [00:23:29]: Alright.
[Speaker 0] [00:23:30]: Alright.
[Speaker 0] [00:23:31]: Okay.
[Speaker 1] [00:23:32]: So we can request the refund.
[Speaker 0] [00:23:33]: Okay.
[Speaker 1] [00:23:34]: It's just that there's a time frame, yeah, because of what happened.
[Speaker 0] [00:23:35]: Okay.
[Speaker 0] [00:23:35]: Alright.
[Speaker 0] [00:23:36]: Well, I'll just keep looking at my emails.
[Speaker 0] [00:23:38]: Okay.
[Speaker 0] [00:23:39]: That that's all we can do.
[Speaker 0] [00:23:40]: Okay.
[Speaker 0] [00:23:40]: That's cool.
[Speaker 1] [00:23:41]: Mhmm.
[Speaker 1] [00:23:41]: So we will send you we we we you an email.
[Speaker 0] [00:23:41]: That's fair.
[Speaker 0] [00:23:42]: That's fair.
[Speaker 0] [00:23:44]: Alright.
[Speaker 0] [00:23:45]: Thank you.
[Speaker 1] [00:23:46]: I know this is really inconvenient.
[Speaker 1] [00:23:48]: I understand it.
[Speaker 1] [00:23:49]: And rest assured that customer support is always here to help.
[Speaker 1] [00:23:52]: We just need to wait for the time frame for the shipper since there are three different sellers and three different shippers for them to finally declare they failed the delivery.
[Speaker 0] [00:23:56]: Okay.
[Speaker 1] [00:24:00]: So for the first refund, since that was already approved, shortly, you will receive a an email confirmation for the amount of the refund and for the last four digits of the order number so you can keep check of that refund within three to five business days.
[Speaker 0] [00:24:01]: Okay.
[Speaker 0] [00:24:11]: Okay.
[Speaker 0] [00:24:14]: Will it show up on my I'm sorry.
[Speaker 1] [00:24:16]: Okay.
[Speaker 1] [00:24:16]: So for the two orders Yes.
[Speaker 0] [00:24:17]: Will it show up on my oh, 3586.
[Speaker 0] [00:24:19]: I just saw that.
[Speaker 0] [00:24:19]: Very good.
[Speaker 0] [00:24:20]: Okay.
[Speaker 0] [00:24:20]: I'm sorry.
[Speaker 1] [00:24:26]: This will show up on your account, and, you will receive additional email to confirm, within three to five business days.
[Speaker 1] [00:24:31]: So for the two others, we will also, let me just document it properly here so to make sure that, yeah, you will be receiving the email because, again, we definitely it clearly shows you did not receive all these three items.
[Speaker 0] [00:24:35]: Okay.
[Speaker 1] [00:24:47]: We just need to wait for the time frame to lapse for the delivery.
[Speaker 0] [00:24:48]: Okay.
[Speaker 1] [00:24:50]: In that way, we can, yeah, work on that refund.
[Speaker 0] [00:24:51]: Okay.
[Speaker 1] [00:24:53]: So let me just take note the two other k.
[Speaker 1] [00:24:55]: The two scrub, and the first order, it was the y two k baggy chains.
[Speaker 1] [00:25:02]: That okay.
[Speaker 0] [00:25:03]: Okay.
[Speaker 1] [00:25:03]: So we still have two more.
[Speaker 1] [00:25:05]: K.
[Speaker 1] [00:25:06]: So this is by at least January 26 that the refund should be processed.
[Speaker 1] [00:25:14]: And then once it's processed, you will receive additional email.
[Speaker 0] [00:25:17]: Okay.
[Speaker 1] [00:25:17]: Let me just document it properly here.
[Speaker 1] [00:25:20]: So okay.
[Speaker 1] [00:25:25]: There you go.
[Speaker 1] [00:25:26]: So for the refund that was already processed for the order ending at 1059, that was sent to you already via email.
[Speaker 0] [00:25:34]: Okay.
[Speaker 1] [00:25:34]: So you'll have reference, and you'll be able to check that refund.
[Speaker 1] [00:25:38]: For the two others, that would be refunded by January 20 sixth, and you will receive an email also.
[Speaker 0] [00:25:39]: Okay.
[Speaker 0] [00:25:40]: Very Okay.
[Speaker 0] [00:25:42]: Well, thank you so much.
[Speaker 0] [00:25:43]: I'm so sorry for the mishap and miscommunication.
[Speaker 1] [00:25:44]: I'll make sure that you'll get an email.
[Speaker 0] [00:25:47]: I apologize.
[Speaker 1] [00:25:51]: Mhmm.
[Speaker 1] [00:25:51]: Not mhmm.
[Speaker 1] [00:25:54]: Nothing to worry.
[Speaker 1] [00:25:54]: Sometimes it happens.
[Speaker 1] [00:25:55]: We cannot avoid some things to happen sometimes by mistake.
[Speaker 1] [00:25:59]: So but rest assured that Amazon customer support will always be here, okay, to advocate for you, and we appreciate you here for calling us today.
[Speaker 0] [00:26:05]: No, sweetheart.
[Speaker 0] [00:26:06]: You're more patiently and amazing.
[Speaker 1] [00:26:06]: So before I let you go, [NAME_GIVEN_5] would there be any other orders that I can check for you?
[Speaker 0] [00:26:08]: So thank you.
[Speaker 0] [00:26:09]: Thank you.
[Speaker 0] [00:26:10]: Thank you.
[Speaker 0] [00:26:13]: Absolute you too.
[Speaker 0] [00:26:15]: Bye.
[Speaker 0] [00:26:15]: Bye bye.
[Speaker 1] [00:26:15]: You're welcome, and we appreciate you for choosing Amazon.
[Speaker 0] [00:26:15]: You too.
[Speaker 0] [00:26:16]: Bye.
[Speaker 1] [00:26:18]: Take care, [NAME_GIVEN_5] k?
[Speaker 1] [00:26:19]: Bye bye for now.";"The customer is experiencing issues with their protected account and is being directed to customer service. The representative sends a text to verify the customer's identity and sends a link to open a chat chat to receive a text. The customer is frustrated with the delay and is directed to customer support in Spanish. The representative apologizes for the delay and promises to expedite the refund. The customer is also concerned about a missing tooth scrub order from a third party seller and is directed to customer support. The agent explains that the shipper had already declared delivery failed, but the refund was approved and will be processed within three to five business days. The agent notes that the shipper had to reorder some items, but they were not yet delivered.

"
CA3e0c1114f78be6bd450860973c404dba;Spin;Transport;mobile;ios;2026-01-19 1:01:15;SILVER SPRING;MARYLAND;United States;313;298;40;"[Speaker System] [00:00:00]: By proceeding with this call you agree and are legally liable to inform each and every participant who comes to this call that this call is being recorded and transcribed by PissedConsumer on your behalf.
[Speaker System] [00:00:08]: The call will be recorded by PissedConsumer using third-party software on behalf of the caller.
[Speaker 1] [00:00:08]: If this is an emergency, please hang up and dial your local emergency services.
[Speaker 1] [00:00:12]: Calls may be recorded for training and quality assurance purposes.
[Speaker 1] [00:00:16]: To report a serious safety incident, please press [PHONE_NUMBER_1] For all other inquiries, please visit the help section in your Spin app for our detailed support resources, or press [PHONE_NUMBER_2] if you need to talk with a customer support representative.
[Speaker 1] [00:00:39]: Hi.
[Speaker 1] [00:00:39]: Thank you for calling Bird.
[Speaker 1] [00:00:40]: This is [NAME_GIVEN_1] How can I help you?
[Speaker 0] [00:00:43]: Yes.
[Speaker 0] [00:00:43]: How are doing, [NAME_GIVEN_1] This is my name's [NAME_GIVEN_2] I just purchased a ride not that long ago, my last ride.
[Speaker 1] [00:00:53]: Mhmm.
[Speaker 0] [00:00:54]: And soon as I purchased it, it start the the the the spooler has started beeping.
[Speaker 0] [00:01:00]: As soon as I purchased it, and it wouldn't go nowhere.
[Speaker 0] [00:01:06]: And it took my money, And I was trying to get the Yes.
[Speaker 1] [00:01:17]: Hello, sir?
[Speaker 1] [00:01:17]: Can you hear me?
[Speaker 1] [00:01:20]: Hello?
[Speaker 1] [00:01:23]: Sir, can you hear me?
[Speaker 1] [00:01:27]: Hello?
[Speaker 1] [00:01:31]: Sir?
[Speaker 1] [00:01:34]: Hello, sir.
[Speaker 1] [00:01:35]: Can you hear me?
[Speaker 1] [00:01:38]: Hello?
[Speaker 1] [00:01:41]: Sir, I'm really sorry.
[Speaker 1] [00:01:42]: Not able to hear you.
[Speaker 0] [00:01:45]: I purchased a scooter ride.
[Speaker 0] [00:01:47]: And when I purchased the scooter ride, the scooter started beeping.
[Speaker 1] [00:01:50]: Uh-huh.
[Speaker 0] [00:01:51]: It started beeping as soon as I purchased it, and it took my money for no reason because the scooter didn't go nowhere.
[Speaker 1] [00:01:52]: Okay.
[Speaker 0] [00:02:00]: And I'm just calling to see if I can anything could be done about that because I I don't have it right off hand.
[Speaker 1] [00:02:06]: Definitely, I'll help you out.
[Speaker 1] [00:02:07]: Do you have that scooter number with you?
[Speaker 0] [00:02:13]: Is it in my my email address is [EMAIL_ADDRESS_1] [EMAIL_ADDRESS_2] [EMAIL_ADDRESS_3] [EMAIL_ADDRESS_5] You're welcome.
[Speaker 1] [00:02:13]: Help me help me with your email address.
[Speaker 1] [00:02:27]: Mhmm.
[Speaker 1] [00:02:33]: [EMAIL_ADDRESS_4] Thank you so much.
[Speaker 1] [00:02:40]: And can I get your full name, please?
[Speaker 0] [00:02:42]: Yes.
[Speaker 0] [00:02:43]: [NAME_1] [NAME_2] It's cold.
[Speaker 1] [00:02:45]: Thank you so much.
[Speaker 1] [00:02:47]: Did you save your account with some other name?
[Speaker 1] [00:02:55]: Thank you so much, miss [NAME_FAMILY_1] Miss [NAME_FAMILY_1] I can see, there was a loss rate.
[Speaker 1] [00:03:01]: What I'll do is I will just give me a second.
[Speaker 1] [00:03:08]: Just working on your account.
[Speaker 0] [00:03:11]: Was very difficult, man.
[Speaker 0] [00:03:12]: I was trying to get to work, man, and I was running late.
[Speaker 1] [00:03:17]: Sir, the only thing over here is, see, even if I go ahead and help you with the giving you the write back so first of all, the Right Pass you purchased, that was in the month January 1, you basically purchased the Right Pass.
[Speaker 0] [00:03:36]: You said excuse me?
[Speaker 1] [00:03:37]: But the thing is, on January 1, you purchased a Right Pass, And right now, your RightPass is expired.
[Speaker 0] [00:03:46]: Uh-huh.
[Speaker 1] [00:03:49]: So this is what has happened.
[Speaker 0] [00:03:52]: You said that's why it happened?
[Speaker 1] [00:03:57]: What I'm saying is your ride pass is expired.
[Speaker 0] [00:04:00]: Yeah.
[Speaker 0] [00:04:00]: I know.
[Speaker 0] [00:04:00]: I gotta I know.
[Speaker 0] [00:04:01]: I gotta update it.
[Speaker 0] [00:04:02]: I'm gonna get it I'm gonna get it back.
[Speaker 0] [00:04:04]: I know.
[Speaker 0] [00:04:06]: I know.
[Speaker 0] [00:04:08]: I'm gonna get my ride pass again.
[Speaker 0] [00:04:10]: I know.
[Speaker 0] [00:04:10]: You know I'm is.
[Speaker 0] [00:04:11]: I I I've been a a loyal customer for a while.
[Speaker 0] [00:04:15]: You you you can see that.
[Speaker 1] [00:04:16]: See, I completely understand that, mister [NAME_FAMILY_1] The thing is the last time you took, you got a charge of $2.63.
[Speaker 1] [00:04:23]: I have reversed that charge for you.
[Speaker 1] [00:04:26]: This is the maximum I can do for you.
[Speaker 1] [00:04:28]: But activating the right pass, I'm sorry.
[Speaker 1] [00:04:31]: I won't be able to do that.
[Speaker 0] [00:04:33]: Okay.
[Speaker 0] [00:04:34]: So you just refunded my money or something?
[Speaker 1] [00:04:38]: I just credited back.
[Speaker 1] [00:04:39]: Your account balance is zero now.
[Speaker 1] [00:04:41]: Thank you.
[Speaker 0] [00:04:42]: Okay.
[Speaker 0] [00:04:44]: That's fine.
[Speaker 0] [00:04:45]: I mean alright, man.
[Speaker 0] [00:04:46]: I guess that's fine, man.
[Speaker 0] [00:04:49]: They they could at least gave me a ride.
[Speaker 0] [00:04:51]: Okay.
[Speaker 0] [00:04:52]: Alright.
[Speaker 1] [00:04:55]: Apart from this, miss [NAME_GIVEN_3] is there anything else you want me to do for you today?";"The customer calls to inquire about a ride that was purchased a month ago. The ride started beeping and took their money, causing the ride to be expired. The representative apologizes and explains that the ride pass was not activated and the customer will need to activate it. The customer is grateful for the information and the call ends.

"
CA0fe99171c6dec5c26dbe5fa5d10c863a;Prezzee;Gift Cards, Rewards and Cashbacks;mobile;ios;2026-01-18 22:15:48;NEW YORK;NEW YORK;United States;916;896;688;"[Speaker System] [00:00:00]: By proceeding with this call you agree and are legally liable to inform each and every participant who comes to this call that this call is being recorded and transcribed by PissedConsumer on your behalf.
[Speaker System] [00:00:12]: The call will be recorded by PissedConsumer using third-party software on behalf of the caller.
[Speaker 1] [00:00:12]: Did you know you can get help faster through our online chat?
[Speaker 1] [00:00:16]: Our chat team can answer most questions instantly with no need to wait on hold.
[Speaker 1] [00:00:21]: To start an online chat, please press [PHONE_NUMBER_1] or press any key to go to the main menu.
[Speaker 1] [00:00:32]: For help with an existing gift card, please press [PHONE_NUMBER_2] For account login issues, profile queries, or two, Please choose from the following options.
[Speaker 1] [00:00:42]: If you would like your gift card resent, please press [PHONE_NUMBER_2] For help using your gift card, please press [PHONE_NUMBER_3] To swap or add your gift card to your Prezi Wallet, please press [PHONE_NUMBER_4] Sorry.
[Speaker 0] [00:00:54]: What?
[Speaker 0] [00:00:55]: To do what?
[Speaker 1] [00:00:58]: I did not get that.
[Speaker 1] [00:01:00]: Please try again.
[Speaker 1] [00:01:01]: Please choose from the following options.
[Speaker 1] [00:01:04]: If you would like your gift card resent, please press [PHONE_NUMBER_2] For help using your gift card, please press [PHONE_NUMBER_3] To swap or add your gift card to your Prezi Wallet, please press [PHONE_NUMBER_4] Our chat team can help solve your gift card query faster than waiting on hold.
[Speaker 1] [00:01:22]: Press [PHONE_NUMBER_1] to start a chat now, or stay on the line to keep waiting.
[Speaker 1] [00:02:32]: We're sorry.
[Speaker 1] [00:02:33]: We're currently experiencing extended wait times.
[Speaker 1] [00:02:36]: Did you know you can get help faster through our online chat?
[Speaker 1] [00:02:40]: Our chat team can answer most questions instantly with no need to wait on hold.
[Speaker 1] [00:02:45]: To start an online chat, please press [PHONE_NUMBER_1] now.
[Speaker 1] [00:03:53]: We're sorry.
[Speaker 1] [00:03:54]: We're currently experiencing extended wait times.
[Speaker 1] [00:03:57]: Did you know you can get help faster through our online chat?
[Speaker 1] [00:04:01]: Our chat team can answer most questions instantly with no need to wait on hold.
[Speaker 1] [00:04:06]: To start an online chat, please press [PHONE_NUMBER_1] now.
[Speaker 1] [00:05:14]: We're sorry.
[Speaker 1] [00:05:15]: We're currently experiencing extended wait times.
[Speaker 1] [00:05:18]: Did you know you can get help faster through our online chat?
[Speaker 1] [00:05:22]: Our chat team can answer most questions instantly with no need to wait on hold.
[Speaker 1] [00:05:27]: To start an online chat, please press [PHONE_NUMBER_1] now.
[Speaker 1] [00:06:36]: We're sorry.
[Speaker 1] [00:06:37]: We're currently experiencing extended wait times.
[Speaker 1] [00:06:40]: Did you know you can get help faster through our online chat?
[Speaker 1] [00:06:44]: Our chat team can answer most questions instantly with no need to wait on hold.
[Speaker 1] [00:06:48]: To start an online chat, please press [PHONE_NUMBER_1] now.
[Speaker 1] [00:07:57]: We're sorry.
[Speaker 1] [00:07:58]: We're currently experiencing extended wait times.
[Speaker 1] [00:08:02]: Did you know you can get help faster through our online chat?
[Speaker 1] [00:08:05]: Our chat team can answer most questions instantly with no need to wait on hold.
[Speaker 1] [00:08:10]: To start an online chat, please press [PHONE_NUMBER_1] now.
[Speaker 0] [00:08:49]: Left left the house.
[Speaker 1] [00:09:19]: We're sorry.
[Speaker 1] [00:09:20]: We're currently experiencing extended wait times.
[Speaker 1] [00:09:23]: Did you know you can get help faster through our online chat?
[Speaker 1] [00:09:27]: Our chat team can answer most questions instantly with no need to wait on hold.
[Speaker 1] [00:09:32]: To start an online chat, please press [PHONE_NUMBER_1] now.
[Speaker 1] [00:10:41]: We're sorry.
[Speaker 1] [00:10:42]: We're currently experiencing extended wait times.
[Speaker 1] [00:10:45]: Did you know you can get help faster through our online chat?
[Speaker 1] [00:10:49]: Our chat team can answer most questions instantly with no need to wait on hold.
[Speaker 1] [00:10:54]: To start an online chat, please press [PHONE_NUMBER_1] now.
[Speaker 1] [00:11:26]: Hi.
[Speaker 1] [00:11:26]: Thank you for calling Preezy.
[Speaker 1] [00:11:28]: This is [NAME_GIVEN_1] How can I help you today?
[Speaker 1] [00:11:35]: Hello?
[Speaker 1] [00:11:36]: Can you hear me?
[Speaker 1] [00:11:40]: Hello?
[Speaker 0] [00:11:42]: Can you hear me?
[Speaker 1] [00:11:44]: There you go.
[Speaker 1] [00:11:44]: I can hear you now.
[Speaker 1] [00:11:46]: This is [NAME_GIVEN_1] from Pretty.
[Speaker 0] [00:11:46]: Okay.
[Speaker 0] [00:11:47]: Yeah.
[Speaker 1] [00:11:48]: How can I help?
[Speaker 0] [00:11:48]: Yeah.
[Speaker 0] [00:11:49]: Hi.
[Speaker 0] [00:11:50]: I'm gift card that I purchased.
[Speaker 0] [00:11:53]: I wanted to know if hello?
[Speaker 1] [00:11:57]: Hello?
[Speaker 1] [00:12:00]: Ma'am, I'm sorry for the interruption, but you're being cut off.
[Speaker 0] [00:12:05]: I'm not sure why.
[Speaker 0] [00:12:06]: Can you hear me now?
[Speaker 1] [00:12:09]: I can hear you, but it's like you are talking like this.
[Speaker 1] [00:12:12]: My so it's really, like, being cut off.
[Speaker 1] [00:12:19]: So I I I don't get the some some words, but I can go ahead and try my best, ma'am.
[Speaker 1] [00:12:24]: You're calling regarding your gift vouchers.
[Speaker 0] [00:12:26]: Okay.
[Speaker 0] [00:12:27]: I'm calling regarding my gift Yes.
[Speaker 1] [00:12:37]: Okay?
[Speaker 0] [00:12:37]: Yes.
[Speaker 0] [00:12:38]: And I wanted to know if I will be able to change it change it to a different store.
[Speaker 1] [00:12:44]: Okay.
[Speaker 1] [00:12:45]: You want to know if you can change it to a different store.
[Speaker 0] [00:12:49]: Yes.
[Speaker 1] [00:12:49]: Okay.
[Speaker 1] [00:12:50]: Well, as long as the gift card hasn't been changed to a store yet, ma'am, you can definitely swap it or change it to a different store.
[Speaker 1] [00:12:59]: But for example, it is already a Kohl's gift card.
[Speaker 0] [00:13:00]: Oh.
[Speaker 1] [00:13:02]: So since it's already a Kohl's gift card, you cannot change it to a different gift card like Walmart or PlayStation.
[Speaker 1] [00:13:11]: But if it's still an active, Purdy Smart egift card that hasn't been swapped to, yes, you can.
[Speaker 1] [00:13:20]: Would you like me to check it for you, ma'am?
[Speaker 1] [00:13:28]: Hello?
[Speaker 1] [00:13:33]: Hello, ma'am?
[Speaker 1] [00:13:37]: I'm so sorry, ma'am.
[Speaker 1] [00:13:38]: I can't hear you.
[Speaker 1] [00:13:41]: Hello?
[Speaker 1] [00:13:48]: Hello, ma'am?
[Speaker 1] [00:13:52]: Caller, can you hear me?
[Speaker 1] [00:13:59]: Hello, caller?
[Speaker 0] [00:14:01]: Hello?
[Speaker 1] [00:14:02]: There you go.
[Speaker 1] [00:14:02]: I can hear you again, ma'am.
[Speaker 1] [00:14:04]: You've been cut off again.
[Speaker 0] [00:14:05]: Okay.
[Speaker 0] [00:14:08]: Sorry about that.
[Speaker 0] [00:14:10]: Yeah.
[Speaker 0] [00:14:10]: I think it's probably too late, but I think because I I think I know when I logged in, they asked me if I wanted to keep this card.
[Speaker 1] [00:14:18]: Uh-huh.
[Speaker 0] [00:14:19]: And I think I Hello?
[Speaker 1] [00:14:21]: Oh, okay.
[Speaker 1] [00:14:21]: You already clicked keep the card.
[Speaker 1] [00:14:23]: Yes, ma'am.
[Speaker 1] [00:14:24]: Once you click keep the card, there are one is there saying that once you keep this card, you can no longer cancel or swap to a different retailer.
[Speaker 1] [00:14:33]: Yes, ma'am.
[Speaker 1] [00:14:34]: So you cannot definitely change it, ma'am, once you click keep the card.
[Speaker 1] [00:14:45]: Hello?
[Speaker 0] [00:14:49]: Yes.
[Speaker 0] [00:14:49]: I just wanted to make sure that, you know, that was the case.
[Speaker 1] [00:14:53]: Mhmm.
[Speaker 1] [00:14:54]: You're welcome, ma'am.
[Speaker 0] [00:14:56]: Alright.
[Speaker 0] [00:14:56]: It's too late.
[Speaker 0] [00:14:57]: Okay.
[Speaker 0] [00:14:58]: Thank you.
[Speaker 1] [00:15:00]: Thank you again for calling";"The customer called about their gift card purchase and was informed that they can get help faster through the online chat. The chat team can help with gift card queries and the chat team can help out with gift card purchases. The customer was also informed that they can change their gift card purchase to a different store if they keep the gift card. The call ended with the customer thanking the representative for their help.

"
